role,metric,age_band,n,raw_mean,raw_se,thin,ipw_mean,M1_ipw_centered,M2_ipw_at50,M2_ipw_at75,raw_with2020,raw_jul1
bat,xwoba,<=22,36,5.44,3.65,0,6.0,6.46,5.63,-0.29,6.02,5.79
bat,xwoba,23-24,144,1.9,2.0,0,3.47,2.54,1.87,-5.59,-0.46,2.88
bat,xwoba,25-26,278,1.85,1.53,0,3.27,1.95,1.0,-8.38,1.97,0.36
bat,xwoba,27-28,294,-2.93,1.39,0,-1.48,-1.61,-2.38,-10.56,-3.09,-3.74
bat,xwoba,29-30,268,-1.24,1.49,0,0.07,1.33,0.38,-6.54,-0.66,-2.42
bat,xwoba,31-32,209,-4.54,1.64,0,-2.19,-1.75,-2.52,-11.45,-5.18,-3.61
bat,xwoba,33-34,111,-5.87,2.31,0,-3.36,-2.63,-3.32,-12.83,-5.32,-5.8
bat,xwoba,35-36,51,-10.75,3.69,0,-7.38,-4.17,-4.84,-13.47,-9.98,-12.21
bat,xwoba,37+,31,-10.16,4.34,0,-6.36,-5.03,-5.47,-16.76,-10.54,-13.64
bat,ev,<=22,36,4.86,2.8,0,5.17,7.46,6.97,-0.6,6.38,3.72
bat,ev,23-24,144,0.35,1.67,0,1.05,2.59,1.63,-4.14,-0.64,1.19
bat,ev,25-26,278,1.0,1.11,0,1.51,1.74,0.82,-4.19,0.55,-0.33
bat,ev,27-28,294,-1.38,1.06,0,-0.82,-0.8,-1.76,-7.19,-1.89,-1.93
bat,ev,29-30,268,-1.6,1.2,0,-0.91,0.4,-0.63,-5.48,-0.94,-2.7
bat,ev,31-32,209,-4.56,1.38,0,-3.61,-2.67,-3.66,-10.24,-4.37,-3.29
bat,ev,33-34,111,-3.51,1.79,0,-2.91,-2.56,-3.51,-8.79,-3.23,-0.96
bat,ev,35-36,51,-2.02,2.76,0,-0.75,1.66,0.73,-5.01,-3.68,-5.62
bat,ev,37+,31,-10.9,3.53,0,-10.04,-7.75,-8.49,-14.99,-8.2,-12.64
bat,hardHit,<=22,36,2.86,3.04,0,3.13,5.74,6.01,-1.66,4.73,2.67
bat,hardHit,23-24,144,-0.99,1.73,0,-0.18,1.59,1.64,-5.61,-1.83,-0.1
bat,hardHit,25-26,278,0.06,1.14,0,0.55,1.05,1.09,-4.89,-0.06,-1.33
bat,hardHit,27-28,294,-1.26,1.08,0,-0.74,-0.57,-0.57,-7.09,-1.48,-0.74
bat,hardHit,29-30,268,-0.99,1.21,0,-0.24,1.35,1.28,-4.75,-1.03,-2.97
bat,hardHit,31-32,209,-3.98,1.35,0,-3.11,-1.94,-1.95,-9.25,-3.71,-3.13
bat,hardHit,33-34,111,-5.02,1.75,0,-4.26,-3.45,-3.44,-9.59,-3.86,-0.71
bat,hardHit,35-36,51,-0.82,2.81,0,0.44,3.33,3.13,-2.81,-3.05,-5.92
bat,hardHit,37+,31,-13.0,3.97,0,-11.27,-9.82,-9.45,-19.19,-11.27,-15.0
bat,brl,<=22,36,-0.17,3.28,0,0.03,2.92,3.0,-6.42,0.2,0.38
bat,brl,23-24,144,0.71,1.55,0,1.16,2.7,1.48,-3.38,-0.91,1.73
bat,brl,25-26,278,0.75,1.13,0,1.03,2.04,0.82,-4.6,0.68,-0.64
bat,brl,27-28,294,-2.88,1.02,0,-2.43,-1.46,-2.64,-7.52,-3.07,-2.01
bat,brl,29-30,268,-0.45,1.12,0,-0.01,1.94,0.67,-4.01,-0.53,-2.69
bat,brl,31-32,209,-4.15,1.27,0,-3.61,-2.0,-3.18,-8.95,-3.33,-2.87
bat,brl,33-34,111,-4.82,1.58,0,-4.23,-3.89,-5.16,-10.73,-4.1,-4.51
bat,brl,35-36,51,-5.9,2.61,0,-5.5,-2.8,-4.2,-8.54,-4.32,-6.79
bat,brl,37+,31,-6.29,3.23,0,-5.54,-5.12,-6.42,-12.24,-4.54,-10.0
bat,chase,<=22,36,1.0,2.55,0,1.04,-1.4,-0.34,-3.76,1.69,1.84
bat,chase,23-24,144,1.08,1.46,0,1.23,0.44,1.04,-3.53,1.07,0.59
bat,chase,25-26,278,-0.47,1.03,0,-0.41,-1.59,-1.0,-5.59,-0.91,0.68
bat,chase,27-28,294,1.38,1.01,0,1.54,1.1,1.7,-3.23,1.15,0.4
bat,chase,29-30,268,1.22,1.01,0,1.32,1.04,1.68,-3.1,1.76,1.05
bat,chase,31-32,209,0.02,1.05,0,0.2,0.22,0.82,-3.11,0.21,-0.07
bat,chase,33-34,111,-1.22,1.34,0,-1.21,-0.53,-0.23,-3.23,-2.12,-2.6
bat,chase,35-36,51,-5.18,1.93,0,-4.98,-3.8,-3.74,-6.32,-3.6,-3.95
bat,chase,37+,31,-0.06,2.74,0,0.34,1.12,1.9,-3.02,-2.44,-0.8
bat,sprintSpeed,<=22,149,-3.13,1.22,0,-2.94,1.74,-1.46,-5.5,-2.45,-3.2
bat,sprintSpeed,23-24,532,-3.0,0.53,0,-2.89,1.66,-2.97,-5.01,-3.15,-3.51
bat,sprintSpeed,25-26,867,-4.34,0.41,0,-4.21,0.19,-4.76,-6.21,-3.93,-4.13
bat,sprintSpeed,27-28,842,-4.35,0.41,0,-4.26,0.07,-5.0,-5.88,-4.1,-4.33
bat,sprintSpeed,29-30,643,-4.23,0.44,0,-4.13,-0.4,-5.37,-6.28,-3.72,-4.59
bat,sprintSpeed,31-32,488,-4.28,0.42,0,-4.2,-0.9,-5.65,-5.98,-3.95,-3.96
bat,sprintSpeed,33-34,306,-3.89,0.57,0,-3.66,-1.21,-6.26,-7.47,-3.52,-3.29
bat,sprintSpeed,35-36,120,-2.31,0.66,0,-2.2,-0.6,-4.07,-3.39,-2.52,-3.9
bat,sprintSpeed,37+,70,-4.74,1.07,0,-4.46,-3.21,-9.41,-11.61,-3.88,-4.02
pit,xera,<=22,21,6.95,5.58,1,7.88,4.95,2.54,-2.15,4.23,5.0
pit,xera,23-24,149,2.43,2.4,0,4.29,1.46,-2.95,-14.47,1.49,2.04
pit,xera,25-26,343,-0.97,1.57,0,1.01,0.53,-3.79,-15.07,-1.13,-0.87
pit,xera,27-28,408,-2.76,1.48,0,-0.51,2.11,-2.1,-14.31,-2.77,-4.39
pit,xera,29-30,355,-4.52,1.59,0,-2.62,-0.71,-5.03,-16.03,-4.98,-5.21
pit,xera,31-32,272,-4.97,1.77,0,-2.98,-1.11,-5.41,-16.55,-4.11,-4.91
pit,xera,33-34,186,-6.01,2.28,0,-4.14,-1.73,-6.01,-17.58,-5.53,-4.06
pit,xera,35-36,74,-4.66,3.44,0,-2.4,-3.35,-7.29,-16.64,-7.99,-7.04
pit,xera,37+,49,-10.65,3.64,0,-9.56,-4.99,-9.96,-17.46,-9.62,-10.15
pit,k,<=22,21,8.95,3.52,1,9.01,9.52,6.61,4.69,9.0,4.03
pit,k,23-24,149,0.49,1.84,0,1.71,1.71,-1.66,-8.5,0.06,0.24
pit,k,25-26,343,-1.0,1.22,0,-0.07,1.23,-2.06,-8.71,-0.91,-0.83
pit,k,27-28,406,-2.22,1.16,0,-1.14,1.97,-1.16,-8.76,-2.1,-2.47
pit,k,29-30,355,-1.98,1.19,0,-1.19,0.93,-2.38,-8.43,-2.74,-3.6
pit,k,31-32,272,-5.07,1.37,0,-4.14,-2.26,-5.54,-12.14,-3.76,-4.87
pit,k,33-34,186,-6.67,1.66,0,-5.77,-4.5,-7.78,-14.33,-6.54,-6.02
pit,k,35-36,74,-6.07,2.67,0,-4.86,-4.34,-7.55,-13.81,-6.84,-6.98
pit,k,37+,49,-7.51,2.8,0,-6.55,-4.75,-7.99,-11.85,-7.93,-6.03
pit,bb,<=22,21,8.33,4.86,1,8.93,8.43,8.13,2.27,8.15,9.31
pit,bb,23-24,149,3.34,2.42,0,4.77,1.03,-0.45,-15.67,3.54,4.23
pit,bb,25-26,343,2.36,1.44,0,3.44,0.9,0.74,-9.25,1.88,1.6
pit,bb,27-28,406,-2.11,1.39,0,-0.7,-1.65,-1.97,-13.26,-2.39,-3.96
pit,bb,29-30,355,-1.39,1.5,0,0.02,-0.39,-0.7,-12.33,-0.71,-0.42
pit,bb,31-32,272,-0.93,1.63,0,0.41,0.21,-0.1,-10.79,-1.16,-1.24
pit,bb,33-34,186,-1.15,1.9,0,-0.26,1.95,1.16,-7.71,-0.45,-1.4
pit,bb,35-36,74,-2.07,3.12,0,0.35,0.19,-0.1,-11.3,-5.09,-3.25
pit,bb,37+,49,-5.96,3.43,0,-4.12,-5.38,-5.58,-14.4,-5.05,-3.85
pit,whiff,<=22,21,10.43,3.96,1,10.8,10.46,8.28,4.99,11.5,4.6
pit,whiff,23-24,149,-0.52,1.72,0,0.07,0.88,-2.03,-8.94,-0.37,-1.15
pit,whiff,25-26,343,-0.44,1.21,0,0.05,1.13,-1.7,-8.18,-0.57,0.73
pit,whiff,27-28,406,0.01,1.1,0,0.55,2.77,0.07,-6.57,0.08,-1.13
pit,whiff,29-30,355,-2.45,1.09,0,-2.05,-0.48,-3.31,-8.15,-3.37,-2.2
pit,whiff,31-32,272,-3.19,1.23,0,-2.84,-1.64,-4.41,-9.39,-3.16,-4.64
pit,whiff,33-34,186,-5.63,1.52,0,-5.26,-4.49,-7.27,-13.02,-5.23,-5.18
pit,whiff,35-36,74,-5.08,2.43,0,-4.64,-3.18,-5.96,-12.07,-4.61,-3.77
pit,whiff,37+,49,-4.67,3.0,0,-3.99,-3.62,-6.26,-11.05,-4.79,-4.82
pit,chase,<=22,21,15.86,6.01,1,16.78,7.98,7.9,-0.51,14.69,11.03
pit,chase,23-24,149,1.56,2.08,0,2.61,-1.0,-1.85,-10.7,0.69,1.8
pit,chase,25-26,343,3.52,1.49,0,4.86,1.25,0.08,-10.07,3.29,4.33
pit,chase,27-28,406,1.71,1.42,0,3.24,1.55,0.28,-11.63,1.29,0.03
pit,chase,29-30,355,-1.37,1.33,0,-0.26,0.18,-1.22,-9.29,-1.3,-2.42
pit,chase,31-32,272,-3.57,1.67,0,-2.46,-1.93,-3.14,-12.6,-3.11,-3.34
pit,chase,33-34,186,-4.4,2.19,0,-3.25,-2.02,-2.84,-14.64,-3.35,-3.92
pit,chase,35-36,74,-0.8,3.1,0,0.46,0.52,-0.8,-8.26,-0.83,0.43
pit,chase,37+,49,-5.82,3.95,0,-4.2,-5.69,-6.93,-19.31,-5.21,-7.23
pit,fbVelo,<=22,62,-2.42,1.52,0,-2.16,2.44,-1.2,-4.46,-1.91,-2.1
pit,fbVelo,23-24,391,-1.53,0.61,0,-1.34,3.13,-1.27,-3.23,-1.51,-1.4
pit,fbVelo,25-26,844,-2.06,0.46,0,-1.81,2.11,-2.33,-4.56,-1.9,-2.23
pit,fbVelo,27-28,921,-3.69,0.42,0,-3.47,0.17,-4.41,-5.65,-3.57,-4.4
pit,fbVelo,29-30,692,-4.02,0.45,0,-3.74,-0.5,-5.06,-6.65,-3.4,-4.23
pit,fbVelo,31-32,514,-5.56,0.49,0,-5.32,-2.5,-6.99,-8.31,-5.28,-5.65
pit,fbVelo,33-34,316,-4.64,0.56,0,-4.44,-2.33,-6.37,-6.85,-4.58,-4.23
pit,fbVelo,35-36,146,-5.4,0.92,0,-5.05,-3.6,-8.25,-9.95,-4.81,-6.07
pit,fbVelo,37+,85,-6.4,0.93,0,-5.74,-4.9,-10.26,-12.76,-5.73,-5.54
pit,hardHit,<=22,21,-4.33,6.77,1,-3.77,-8.16,-11.14,-27.04,-5.19,-2.43
pit,hardHit,23-24,149,-1.71,2.6,0,-0.71,-5.12,-7.62,-21.98,-1.2,-0.78
pit,hardHit,25-26,343,1.2,1.84,0,2.17,-1.39,-4.07,-19.48,1.1,1.46
pit,hardHit,27-28,406,2.57,1.67,0,3.6,2.41,-0.05,-15.13,2.25,0.48
pit,hardHit,29-30,355,-4.01,1.7,0,-3.17,-2.07,-4.45,-18.54,-4.53,-2.57
pit,hardHit,31-32,272,-2.89,1.82,0,-2.15,-0.46,-3.12,-14.63,-3.14,-2.75
pit,hardHit,33-34,186,1.97,2.3,0,2.59,5.87,3.27,-9.73,1.68,0.86
pit,hardHit,35-36,74,-2.74,3.54,0,-1.1,2.15,-0.45,-13.53,-1.74,-3.34
pit,hardHit,37+,49,-4.84,4.66,0,-4.26,0.85,-1.43,-16.0,-2.62,-1.92
