group,age_band,n_rows,raw_uncentered,raw_centered,ipw_centered,reg_centered_ols,final_adjusted,final_adjusted_se
hit_skill,<=22,180,2.8,4.13,3.67,4.22,4.22,1.95
hit_skill,23-24,720,0.61,1.94,1.94,1.95,1.97,1.05
hit_skill,25-26,1390,0.64,1.96,1.78,1.03,1.05,0.7
hit_skill,27-28,1470,-1.41,-0.09,-0.19,-0.62,-0.67,0.61
hit_skill,29-30,1340,-0.61,0.72,0.64,1.29,1.21,0.73
hit_skill,31-32,1045,-3.44,-2.11,-1.87,-1.75,-1.62,0.79
hit_skill,33-34,555,-4.09,-2.76,-2.6,-2.48,-2.64,1.14
hit_skill,35-36,255,-4.93,-3.6,-3.04,-1.33,-1.18,1.85
hit_skill,37+,155,-8.08,-6.76,-5.98,-5.56,-5.32,1.95
sprintSpeed,<=22,149,-3.13,0.88,0.94,1.66,1.74,1.12
sprintSpeed,23-24,532,-3.0,1.01,1.0,1.64,1.66,0.47
sprintSpeed,25-26,867,-4.34,-0.34,-0.32,0.16,0.19,0.33
sprintSpeed,27-28,842,-4.35,-0.34,-0.37,0.1,0.07,0.33
sprintSpeed,29-30,643,-4.23,-0.22,-0.24,-0.38,-0.4,0.37
sprintSpeed,31-32,488,-4.28,-0.27,-0.32,-0.85,-0.9,0.36
sprintSpeed,33-34,306,-3.89,0.12,0.22,-1.27,-1.21,0.48
sprintSpeed,35-36,120,-2.31,1.7,1.68,-0.53,-0.6,0.63
sprintSpeed,37+,70,-4.74,-0.74,-0.58,-3.35,-3.21,0.64
pit_skill,<=22,126,7.7,9.18,8.61,6.23,5.59,2.99
pit_skill,23-24,894,0.93,2.42,2.46,-0.27,-0.12,1.23
pit_skill,25-26,2058,0.78,2.26,2.24,0.61,0.63,0.74
pit_skill,27-28,2438,-0.47,1.02,1.17,1.44,1.52,0.7
pit_skill,29-30,2130,-2.62,-1.14,-1.21,-0.41,-0.43,0.67
pit_skill,31-32,1632,-3.44,-1.95,-2.03,-1.15,-1.21,0.8
pit_skill,33-34,1116,-3.65,-2.16,-2.35,-0.84,-0.85,1.01
pit_skill,35-36,444,-3.57,-2.09,-1.7,-1.18,-1.37,1.61
pit_skill,37+,294,-6.57,-5.09,-5.11,-3.73,-3.97,2.04
fbVelo,<=22,62,-2.42,1.19,1.2,2.34,2.44,1.49
fbVelo,23-24,391,-1.53,2.08,2.01,3.09,3.13,0.57
fbVelo,25-26,844,-2.06,1.54,1.55,2.06,2.11,0.41
fbVelo,27-28,921,-3.69,-0.08,-0.11,0.2,0.17,0.36
fbVelo,29-30,692,-4.02,-0.41,-0.38,-0.51,-0.5,0.39
fbVelo,31-32,514,-5.56,-1.96,-1.96,-2.47,-2.5,0.43
fbVelo,33-34,316,-4.64,-1.03,-1.09,-2.23,-2.33,0.53
fbVelo,35-36,146,-5.4,-1.79,-1.7,-3.59,-3.6,0.73
fbVelo,37+,85,-6.4,-2.79,-2.39,-5.06,-4.9,0.65
