group,age_at_t,shift_points_per_year_quad,se,cubic
hit_skill,20,3.53,1.48,7.19
hit_skill,21,3.11,1.17,5.46
hit_skill,22,2.69,0.9,4.02
hit_skill,23,2.27,0.66,2.85
hit_skill,24,1.86,0.46,1.92
hit_skill,25,1.44,0.31,1.19
hit_skill,26,1.03,0.22,0.63
hit_skill,27,0.61,0.2,0.2
hit_skill,28,0.2,0.22,-0.12
hit_skill,29,-0.22,0.24,-0.37
hit_skill,30,-0.63,0.26,-0.58
hit_skill,31,-1.04,0.28,-0.79
hit_skill,32,-1.45,0.32,-1.02
hit_skill,33,-1.85,0.39,-1.31
hit_skill,34,-2.26,0.5,-1.69
hit_skill,35,-2.67,0.66,-2.19
hit_skill,36,-3.07,0.87,-2.85
hit_skill,37,-3.48,1.11,-3.69
hit_skill,38,-3.88,1.39,-4.76
hit_skill,39,-4.28,1.72,-6.08
hit_skill,40,-4.69,2.08,-7.69
sprintSpeed,20,2.45,0.72,2.79
sprintSpeed,21,2.08,0.57,2.3
sprintSpeed,22,1.73,0.44,1.85
sprintSpeed,23,1.39,0.32,1.44
sprintSpeed,24,1.07,0.22,1.06
sprintSpeed,25,0.76,0.14,0.72
sprintSpeed,26,0.46,0.08,0.41
sprintSpeed,27,0.18,0.07,0.13
sprintSpeed,28,-0.09,0.1,-0.12
sprintSpeed,29,-0.35,0.13,-0.36
sprintSpeed,30,-0.59,0.16,-0.58
sprintSpeed,31,-0.81,0.18,-0.78
sprintSpeed,32,-1.02,0.19,-0.97
sprintSpeed,33,-1.22,0.21,-1.16
sprintSpeed,34,-1.4,0.24,-1.34
sprintSpeed,35,-1.57,0.28,-1.51
sprintSpeed,36,-1.73,0.33,-1.69
sprintSpeed,37,-1.87,0.4,-1.88
sprintSpeed,38,-1.99,0.5,-2.07
sprintSpeed,39,-2.11,0.61,-2.27
sprintSpeed,40,-2.2,0.73,-2.49
pit_skill,20,1.12,1.72,3.05
pit_skill,21,1.14,1.4,2.45
pit_skill,22,1.13,1.11,1.95
pit_skill,23,1.08,0.86,1.53
pit_skill,24,1.01,0.63,1.18
pit_skill,25,0.91,0.44,0.89
pit_skill,26,0.77,0.29,0.64
pit_skill,27,0.61,0.19,0.43
pit_skill,28,0.41,0.17,0.24
pit_skill,29,0.18,0.21,0.06
pit_skill,30,-0.07,0.26,-0.12
pit_skill,31,-0.36,0.31,-0.32
pit_skill,32,-0.68,0.36,-0.55
pit_skill,33,-1.03,0.41,-0.82
pit_skill,34,-1.41,0.48,-1.14
pit_skill,35,-1.83,0.58,-1.53
pit_skill,36,-2.27,0.71,-1.99
pit_skill,37,-2.74,0.88,-2.55
pit_skill,38,-3.25,1.08,-3.21
pit_skill,39,-3.78,1.31,-3.98
pit_skill,40,-4.35,1.58,-4.88
fbVelo,20,6.4,0.84,5.19
fbVelo,21,5.47,0.68,4.66
fbVelo,22,4.57,0.54,4.09
fbVelo,23,3.72,0.41,3.48
fbVelo,24,2.91,0.3,2.83
fbVelo,25,2.13,0.2,2.17
fbVelo,26,1.4,0.12,1.5
fbVelo,27,0.7,0.07,0.82
fbVelo,28,0.04,0.08,0.15
fbVelo,29,-0.57,0.11,-0.51
fbVelo,30,-1.15,0.15,-1.15
fbVelo,31,-1.69,0.18,-1.75
fbVelo,32,-2.19,0.21,-2.31
fbVelo,33,-2.65,0.23,-2.81
fbVelo,34,-3.07,0.26,-3.26
fbVelo,35,-3.45,0.3,-3.65
fbVelo,36,-3.79,0.35,-3.95
fbVelo,37,-4.1,0.41,-4.17
fbVelo,38,-4.36,0.5,-4.29
fbVelo,39,-4.58,0.59,-4.31
fbVelo,40,-4.77,0.71,-4.22
